-- phpMyAdmin SQL Dump
-- version 4.0.4.1
-- http://www.phpmyadmin.net
--
-- Host: 127.0.0.1
-- Generation Time: Nov 12, 2017 at 08:18 AM
-- Server version: 5.5.32
-- PHP Version: 5.4.19

SET SQL_MODE = "NO_AUTO_VALUE_ON_ZERO";
SET time_zone = "+00:00";


/*!40101 SET @OLD_CHARACTER_SET_CLIENT=@@CHARACTER_SET_CLIENT */;
/*!40101 SET @OLD_CHARACTER_SET_RESULTS=@@CHARACTER_SET_RESULTS */;
/*!40101 SET @OLD_COLLATION_CONNECTION=@@COLLATION_CONNECTION */;
/*!40101 SET NAMES utf8 */;

--
-- Database: `d_base_espara`
--
CREATE DATABASE IF NOT EXISTS `d_base_espara` DEFAULT CHARACTER SET latin1 COLLATE latin1_swedish_ci;
USE `d_base_espara`;

-- --------------------------------------------------------

--
-- Table structure for table `tb_guru`
--

CREATE TABLE IF NOT EXISTS `tb_guru` (
  `kd_guru` int(11) NOT NULL AUTO_INCREMENT,
  `nama_guru` varchar(35) NOT NULL,
  `nip` varchar(20) NOT NULL,
  `golruang` varchar(9) NOT NULL,
  `jabatan` varchar(25) NOT NULL,
  `pangkat` varchar(25) NOT NULL,
  `uname` varchar(35) NOT NULL,
  `pass` varchar(50) NOT NULL,
  `status_guru` enum('1','0') NOT NULL,
  PRIMARY KEY (`kd_guru`)
) ENGINE=InnoDB  DEFAULT CHARSET=latin1 AUTO_INCREMENT=40 ;

--
-- Dumping data for table `tb_guru`
--

INSERT INTO `tb_guru` (`kd_guru`, `nama_guru`, `nip`, `golruang`, `jabatan`, `pangkat`, `uname`, `pass`, `status_guru`) VALUES
(1, 'Drs. Muchsin, M. Pd', '195906071982021007', 'IV/b', 'Kepala Sekolah', 'Pembina Tk. I', 'esp01', 'fd8912e000ef8a499b898a61f2ef40ed', '1'),
(2, 'Drs. Gusti Azhar A.', '196112121989031011', 'IV/b', 'Guru', 'Pembina Tk. I', 'esp02', '7c49892edbb8b48ad7240fc42e0d0025', '1'),
(3, 'Samsul Hadi, S, Pd', '196610251995121005', 'IV/b', 'Guru', 'Pembina Tk. I', 'esp03', '77af3f5191e03878ee8f75f8d2f7ee88', '1'),
(4, 'A. Farid Rusyadi, S.Pd, MM', '196808101995121006', 'IV/b', 'Guru', 'Pembina Tk. I', 'esp04', '957ec7d2daa88c05b0a02131fc5f0bdd', '1'),
(5, 'Ika Kurniatiningsih, S. Pd', '196911081997032004', 'IV/b', 'Guru', 'Pembina Tk. I', 'esp05', '792fac4b3bacb90e1a76831771517bec', '1'),
(6, 'Yeny Ritawati, S.Pd', '197106241997032005', 'IV/b', 'Guru', 'Pembina Tk. I', 'esp06', '6e8cd9312dbb05cca7c4168db127029d', '1'),
(7, 'Slamet Heriyadi, S.Pd, M.M.Pd', '197301201998021003', 'IV/b', 'Guru', 'Pembina Tk. I', 'esp07', '61769651852794b33986ae52e0406e50', '1'),
(8, 'Budi Hartono, S. Pd', '197104221998021003', 'IV/b', 'Guru', 'Pembina Tk. I', 'esp08', 'eaadd5cbf591ba21abd502728344de62', '1'),
(9, 'Eka Daryati Puji L, S.Pd, M. Pd ', '197301141999032008', 'IV/b', 'Guru', 'Pembina Tk. I', 'esp09', '6f7ff9bcb7b35cf67b9ff0ca3749475c', '1'),
(10, 'Kurniawati, M. Pd', '197301251999032002', 'IV/a', 'Guru', 'Pembina', 'esp10', 'c3e1c53f1ec731c375d1fb067814795e', '1'),
(11, 'Eko Kristanto, S. Pd', '196809121994021001', 'IV/a', 'Guru', 'Pembina', 'esp11', '59c4e7f771b85aebc2d7af91400e4e8e', '1'),
(12, 'Erlin Mawarni, S. Pd', '197315122000122002', 'IV/a', 'Guru', 'Pembina', 'esp12', '3f8464ef95b9dd90c269372c07227ef9', '1'),
(13, 'Anita Wartianingsih, M. Pd', '197103162001122001', 'IV/a', 'Guru', 'Pembina', 'esp13', 'e6e5d42d3674de74308629c0eb1307d6', '1'),
(14, 'Noerma Triarinda, S. Pd', '197705062003122005', 'III/d', 'Guru', 'Penata Tk. I', 'esp14', 'e43621b537f69f042d3d2492c5f289ab', '1'),
(15, 'Ridlo Kurniawan, S. Pd', '198010282003121002', 'III/d', 'Guru', 'Penata Tk. I', 'esp15', 'faebe855ad26ed44e035c24fd11def03', '1'),
(16, 'Dra. Idi Yulis Pratiwi', '196807242005012004', 'III/d', 'Guru', 'Pembina', 'esp16', 'a946c25b2915c16af837f32a2765478b', '1'),
(17, 'Hari Suyatmo, S. Pd', '196901212005011013', 'III/d', 'Guru', 'Penata Tk. I', 'esp17', '68e3b2033d02fd59d316be909f8a0c5b', '1'),
(18, 'Istibsyaroh Mufiansyah, S. Ag', '197412082006042017', 'III/d', 'Guru', 'Penata Tk. I', 'esp18', 'a79ecce507405d940e0b8619cc2798f6', '1'),
(19, 'Su''udi, M. Pd', '197105162008011007', 'III/d', 'Kaur. Kurikulum', 'Penata Tk. I', 'esp19', 'd452e296c65823f58071ec8bd3628895', '1'),
(20, 'Hidayatul Chair, S. Pd', '197510212008011006', 'III/c', 'Guru', 'Penata', 'esp20', '904e06f90eae74e8c2ca87225f6ef700', '1'),
(21, 'Erma Yuliatin, S. Pd', '197607242008012009', 'III/c', 'Guru', 'Penata', 'esp21', '37d807afda7c02b0c72424a83772db43', '1'),
(22, 'Zainal Abidin, S. Ag', '196610172008011008', 'III/c', 'Guru', 'Penata', 'esp22', '76a7eeac483b11692c2f0aed03019aa1', '1'),
(23, 'Dwi Ningwang Agustin, M. Pd', '198308162009022004', 'III/b', 'Guru', 'Penata Muda Tk. I ', 'esp23', 'e85c7c6608f15bed249cbc9e417fc798', '1'),
(24, 'Liza Asri Safarina, S. Pd', '198610122010012013', 'III/b', 'Guru', 'Penata Muda Tk. I ', 'esp24', '40fadfde801af3a80dd06059c763e4d7', '1'),
(25, 'Bahrul Rasyid, S. Kom', '198211142010011018', 'III/b', 'Guru', 'Penata Muda Tk. I ', 'esp25', '8e59bfa4f2c1bb06cb60a317b63edc22', '1'),
(26, 'Nur Sa''adah, S. Pd', '196509182008012002', 'III/a', 'Guru', 'Penata Muda', 'esp26', 'b6d2a67c6c6a5368ba192b6cb2a59921', '1'),
(27, 'Akhmad Kusairi, S. Pd. I', '197402102014101001', 'III/a', 'Guru', 'Penata Muda', 'esp27', 'c0aa109c5110861ddbb6eb48d41af9de', '1'),
(28, 'Rasmidha, S. Pd', '197205052008012015', 'III/a', 'Guru', 'Penata Muda', 'esp28', 'e363daf977329e455ac0f290ff66e60d', '1'),
(29, 'Agus Riniwati, S. Pd', '197008172007012019', 'III/c', 'Guru', 'Penata', 'esp29', '06c7d4f0aae51ac6cb7900eab6517e46', '1'),
(30, 'Dra. Erna Wahyuningsih, S. Pd', '', '-', 'Guru', '-', 'esp30', '311a8f92ef38a17f9c015c27687f7e67', '1'),
(31, 'Novi Kurnia W, S. Pd', '-', '-', 'Guru', '-', 'esp31', '8609eec8a7e7c3b857ee738355e5790a', '1'),
(32, 'Hendro Kurnianto, S. E', '-', '-', 'Guru', '-', 'esp32', 'eb3b564b7150aa15ba8351c7365a90c9', '1'),
(33, 'Bambang W. A. H, S. Pd', '-', '-', 'Guru', '-', 'esp33', '180b7db78a3b5a9491f60e7478fe950b', '1'),
(34, 'Imam Badrony, S. Pd', '-', '-', 'Guru', '-', 'esp34', '355f742c28e8d4e9476d14563b6da934', '1'),
(35, 'Maming Junaedi, S. Pd', '-', '-', 'Guru', '-', 'esp35', 'a90242bcb04ee412b8fa1a2ee51c83d3', '1'),
(36, 'Annisa'' Septiana Krida, S. Pd', '-', '-', 'Guru', '-', 'esp36', 'c1c6c8fdefe691ea0f214791a038c5b5', '1'),
(37, 'Indah Purwantini, S. HI', '-', '-', 'Guru', '-', 'esp37', 'fe9bcf7d674f8855f96322e685b03ec2', '1'),
(38, 'Haryani, S. Pd', '-', '-', 'Guru', '-', 'esp38', '39b1bbff47ce7389da8ad82b3f811477', '1'),
(39, 'Lukmanul Hakim', '1234', 'I/a', 'Staff', 'Penolong', 'esp39', '42de2fda8fd1940567bf6845cd4c8deb', '1');

-- --------------------------------------------------------

--
-- Table structure for table `tb_hari`
--

CREATE TABLE IF NOT EXISTS `tb_hari` (
  `kd_hari` int(11) NOT NULL AUTO_INCREMENT,
  `hari` varchar(9) NOT NULL,
  `status_hari` enum('1','0') NOT NULL,
  PRIMARY KEY (`kd_hari`)
) ENGINE=InnoDB  DEFAULT CHARSET=latin1 AUTO_INCREMENT=7 ;

--
-- Dumping data for table `tb_hari`
--

INSERT INTO `tb_hari` (`kd_hari`, `hari`, `status_hari`) VALUES
(1, 'Senin', '1'),
(2, 'Selasa', '1'),
(3, 'Rabu', '1'),
(4, 'Kamis', '1'),
(5, 'Jum''at', '1'),
(6, 'Sabtu', '1');

-- --------------------------------------------------------

--
-- Table structure for table `tb_jadwal`
--

CREATE TABLE IF NOT EXISTS `tb_jadwal` (
  `kd_jadwal` int(11) NOT NULL AUTO_INCREMENT,
  `kd_mapel` int(11) NOT NULL,
  `kd_kelas` int(11) NOT NULL,
  `kd_guru` int(11) NOT NULL,
  `kd_jam` int(11) NOT NULL,
  `kd_hari` int(11) NOT NULL,
  `kd_penugasan` int(11) NOT NULL,
  `tahun_pelajaran` varchar(9) NOT NULL,
  `semester` varchar(6) NOT NULL,
  PRIMARY KEY (`kd_jadwal`)
) ENGINE=InnoDB  DEFAULT CHARSET=latin1 AUTO_INCREMENT=635 ;

--
-- Dumping data for table `tb_jadwal`
--

INSERT INTO `tb_jadwal` (`kd_jadwal`, `kd_mapel`, `kd_kelas`, `kd_guru`, `kd_jam`, `kd_hari`, `kd_penugasan`, `tahun_pelajaran`, `semester`) VALUES
(1, 8, 1, 11, 1, 1, 66, '2017/2018', 'GANJIL'),
(2, 8, 1, 11, 2, 1, 66, '2017/2018', 'GANJIL'),
(3, 8, 1, 11, 3, 1, 66, '2017/2018', 'GANJIL'),
(4, 3, 1, 23, 4, 1, 157, '2017/2018', 'GANJIL'),
(5, 3, 1, 23, 5, 1, 157, '2017/2018', 'GANJIL'),
(6, 5, 1, 21, 6, 1, 140, '2017/2018', 'GANJIL'),
(7, 5, 1, 21, 7, 1, 140, '2017/2018', 'GANJIL'),
(8, 5, 1, 21, 8, 1, 140, '2017/2018', 'GANJIL'),
(9, 3, 1, 23, 1, 2, 157, '2017/2018', 'GANJIL'),
(10, 3, 1, 23, 2, 2, 157, '2017/2018', 'GANJIL'),
(11, 6, 1, 20, 3, 2, 134, '2017/2018', 'GANJIL'),
(12, 6, 1, 20, 4, 2, 134, '2017/2018', 'GANJIL'),
(13, 6, 1, 20, 5, 2, 134, '2017/2018', 'GANJIL'),
(14, 11, 1, 25, 6, 2, 169, '2017/2018', 'GANJIL'),
(15, 7, 1, 7, 7, 2, 43, '2017/2018', 'GANJIL'),
(16, 7, 1, 7, 8, 2, 43, '2017/2018', 'GANJIL'),
(17, 5, 1, 21, 1, 3, 140, '2017/2018', 'GANJIL'),
(18, 5, 1, 21, 2, 3, 140, '2017/2018', 'GANJIL'),
(19, 12, 1, 3, 3, 3, 9, '2017/2018', 'GANJIL'),
(20, 12, 1, 3, 4, 3, 9, '2017/2018', 'GANJIL'),
(21, 13, 1, 37, 5, 3, 268, '2017/2018', 'GANJIL'),
(22, 13, 1, 37, 6, 3, 268, '2017/2018', 'GANJIL'),
(23, 4, 1, 10, 7, 3, 60, '2017/2018', 'GANJIL'),
(24, 4, 1, 10, 8, 3, 60, '2017/2018', 'GANJIL'),
(25, 6, 1, 20, 1, 4, 134, '2017/2018', 'GANJIL'),
(26, 6, 1, 20, 2, 4, 134, '2017/2018', 'GANJIL'),
(27, 2, 1, 29, 3, 4, 209, '2017/2018', 'GANJIL'),
(28, 2, 1, 29, 4, 4, 209, '2017/2018', 'GANJIL'),
(29, 2, 1, 29, 5, 4, 209, '2017/2018', 'GANJIL'),
(30, 1, 1, 18, 6, 4, 119, '2017/2018', 'GANJIL'),
(31, 1, 1, 18, 7, 4, 119, '2017/2018', 'GANJIL'),
(32, 1, 1, 18, 8, 4, 119, '2017/2018', 'GANJIL'),
(33, 6, 2, 20, 1, 1, 135, '2017/2018', 'GANJIL'),
(34, 6, 2, 20, 2, 1, 135, '2017/2018', 'GANJIL'),
(35, 11, 2, 25, 3, 1, 170, '2017/2018', 'GANJIL'),
(36, 8, 2, 11, 4, 1, 67, '2017/2018', 'GANJIL'),
(37, 8, 2, 11, 5, 1, 67, '2017/2018', 'GANJIL'),
(38, 8, 2, 11, 6, 1, 67, '2017/2018', 'GANJIL'),
(39, 4, 2, 10, 7, 1, 61, '2017/2018', 'GANJIL'),
(40, 4, 2, 10, 8, 1, 61, '2017/2018', 'GANJIL'),
(41, 4, 2, 10, 1, 2, 61, '2017/2018', 'GANJIL'),
(42, 4, 2, 10, 2, 2, 61, '2017/2018', 'GANJIL'),
(43, 3, 2, 23, 3, 2, 158, '2017/2018', 'GANJIL'),
(44, 3, 2, 23, 4, 2, 158, '2017/2018', 'GANJIL'),
(45, 5, 2, 21, 5, 2, 141, '2017/2018', 'GANJIL'),
(46, 5, 2, 21, 6, 2, 141, '2017/2018', 'GANJIL'),
(47, 5, 2, 21, 7, 2, 141, '2017/2018', 'GANJIL'),
(48, 9, 2, 16, 8, 2, 101, '2017/2018', 'GANJIL'),
(49, 3, 2, 23, 1, 3, 158, '2017/2018', 'GANJIL'),
(50, 3, 2, 23, 2, 3, 158, '2017/2018', 'GANJIL'),
(51, 6, 2, 20, 3, 3, 135, '2017/2018', 'GANJIL'),
(52, 6, 2, 20, 4, 3, 135, '2017/2018', 'GANJIL'),
(53, 6, 2, 20, 5, 3, 135, '2017/2018', 'GANJIL'),
(54, 1, 2, 18, 6, 3, 120, '2017/2018', 'GANJIL'),
(55, 1, 2, 18, 7, 3, 120, '2017/2018', 'GANJIL'),
(56, 1, 2, 18, 8, 3, 120, '2017/2018', 'GANJIL'),
(57, 13, 2, 37, 1, 4, 269, '2017/2018', 'GANJIL'),
(58, 13, 2, 37, 2, 4, 269, '2017/2018', 'GANJIL'),
(59, 7, 2, 7, 3, 4, 44, '2017/2018', 'GANJIL'),
(60, 7, 2, 7, 4, 4, 44, '2017/2018', 'GANJIL'),
(61, 14, 2, 1, 5, 4, 2, '2017/2018', 'GANJIL'),
(62, 2, 2, 29, 6, 4, 210, '2017/2018', 'GANJIL'),
(63, 2, 2, 29, 7, 4, 210, '2017/2018', 'GANJIL'),
(64, 2, 2, 29, 8, 4, 210, '2017/2018', 'GANJIL'),
(65, 3, 3, 23, 1, 1, 159, '2017/2018', 'GANJIL'),
(66, 3, 3, 23, 2, 1, 159, '2017/2018', 'GANJIL'),
(67, 7, 3, 7, 3, 1, 45, '2017/2018', 'GANJIL'),
(68, 7, 3, 7, 4, 1, 45, '2017/2018', 'GANJIL'),
(69, 11, 3, 25, 5, 1, 171, '2017/2018', 'GANJIL'),
(70, 6, 3, 20, 6, 1, 136, '2017/2018', 'GANJIL'),
(71, 6, 3, 20, 7, 1, 136, '2017/2018', 'GANJIL'),
(72, 6, 3, 20, 8, 1, 136, '2017/2018', 'GANJIL'),
(73, 5, 3, 21, 1, 2, 142, '2017/2018', 'GANJIL'),
(74, 5, 3, 21, 2, 2, 142, '2017/2018', 'GANJIL'),
(75, 5, 3, 21, 3, 2, 142, '2017/2018', 'GANJIL'),
(76, 10, 3, 32, 4, 2, 229, '2017/2018', 'GANJIL'),
(77, 10, 3, 32, 5, 2, 229, '2017/2018', 'GANJIL'),
(78, 1, 3, 18, 6, 2, 121, '2017/2018', 'GANJIL'),
(79, 1, 3, 18, 7, 2, 121, '2017/2018', 'GANJIL'),
(80, 1, 3, 18, 8, 2, 121, '2017/2018', 'GANJIL'),
(81, 2, 3, 29, 1, 3, 211, '2017/2018', 'GANJIL'),
(82, 2, 3, 29, 2, 3, 211, '2017/2018', 'GANJIL'),
(83, 2, 3, 29, 3, 3, 211, '2017/2018', 'GANJIL'),
(84, 9, 3, 16, 4, 3, 102, '2017/2018', 'GANJIL'),
(85, 9, 3, 16, 5, 3, 102, '2017/2018', 'GANJIL'),
(86, 9, 3, 16, 6, 3, 102, '2017/2018', 'GANJIL'),
(87, 5, 3, 21, 7, 3, 142, '2017/2018', 'GANJIL'),
(88, 5, 3, 21, 8, 3, 142, '2017/2018', 'GANJIL'),
(89, 3, 3, 23, 1, 4, 159, '2017/2018', 'GANJIL'),
(90, 3, 3, 23, 2, 4, 159, '2017/2018', 'GANJIL'),
(91, 6, 3, 20, 3, 4, 136, '2017/2018', 'GANJIL'),
(92, 6, 3, 20, 4, 4, 136, '2017/2018', 'GANJIL'),
(93, 4, 3, 10, 5, 4, 62, '2017/2018', 'GANJIL'),
(94, 4, 3, 10, 6, 4, 62, '2017/2018', 'GANJIL'),
(95, 13, 3, 37, 7, 4, 270, '2017/2018', 'GANJIL'),
(96, 13, 3, 37, 8, 4, 270, '2017/2018', 'GANJIL'),
(97, 7, 4, 7, 1, 1, 46, '2017/2018', 'GANJIL'),
(98, 7, 4, 7, 2, 1, 46, '2017/2018', 'GANJIL'),
(99, 12, 4, 3, 3, 1, 12, '2017/2018', 'GANJIL'),
(100, 12, 4, 3, 4, 1, 12, '2017/2018', 'GANJIL'),
(101, 4, 4, 10, 5, 1, 63, '2017/2018', 'GANJIL'),
(102, 4, 4, 10, 6, 1, 63, '2017/2018', 'GANJIL'),
(103, 3, 4, 23, 7, 1, 160, '2017/2018', 'GANJIL'),
(104, 3, 4, 23, 8, 1, 160, '2017/2018', 'GANJIL'),
(105, 8, 4, 11, 1, 2, 69, '2017/2018', 'GANJIL'),
(106, 8, 4, 11, 2, 2, 69, '2017/2018', 'GANJIL'),
(107, 8, 4, 11, 3, 2, 69, '2017/2018', 'GANJIL'),
(108, 14, 4, 4, 4, 2, 26, '2017/2018', 'GANJIL'),
(109, 11, 4, 25, 5, 2, 172, '2017/2018', 'GANJIL'),
(110, 6, 4, 20, 6, 2, 137, '2017/2018', 'GANJIL'),
(111, 6, 4, 20, 7, 2, 137, '2017/2018', 'GANJIL'),
(112, 6, 4, 20, 8, 2, 137, '2017/2018', 'GANJIL'),
(113, 1, 4, 18, 1, 3, 122, '2017/2018', 'GANJIL'),
(114, 1, 4, 18, 2, 3, 122, '2017/2018', 'GANJIL'),
(115, 1, 4, 18, 3, 3, 122, '2017/2018', 'GANJIL'),
(116, 2, 4, 29, 4, 3, 212, '2017/2018', 'GANJIL'),
(117, 2, 4, 29, 5, 3, 212, '2017/2018', 'GANJIL'),
(118, 2, 4, 29, 6, 3, 212, '2017/2018', 'GANJIL'),
(119, 6, 4, 20, 7, 3, 137, '2017/2018', 'GANJIL'),
(120, 6, 4, 20, 8, 3, 137, '2017/2018', 'GANJIL'),
(121, 9, 4, 16, 1, 4, 103, '2017/2018', 'GANJIL'),
(122, 9, 4, 16, 2, 4, 103, '2017/2018', 'GANJIL'),
(123, 5, 4, 21, 3, 4, 143, '2017/2018', 'GANJIL'),
(124, 5, 4, 21, 4, 4, 143, '2017/2018', 'GANJIL'),
(125, 7, 4, 7, 5, 4, 46, '2017/2018', 'GANJIL'),
(126, 7, 4, 7, 6, 4, 46, '2017/2018', 'GANJIL'),
(127, 3, 4, 23, 7, 4, 160, '2017/2018', 'GANJIL'),
(128, 3, 4, 23, 8, 4, 160, '2017/2018', 'GANJIL'),
(129, 5, 5, 21, 1, 1, 144, '2017/2018', 'GANJIL'),
(130, 5, 5, 21, 2, 1, 144, '2017/2018', 'GANJIL'),
(131, 5, 5, 21, 3, 1, 144, '2017/2018', 'GANJIL'),
(132, 1, 5, 18, 4, 1, 123, '2017/2018', 'GANJIL'),
(133, 1, 5, 18, 5, 1, 123, '2017/2018', 'GANJIL'),
(134, 1, 5, 18, 6, 1, 123, '2017/2018', 'GANJIL'),
(135, 7, 5, 7, 7, 1, 47, '2017/2018', 'GANJIL'),
(136, 7, 5, 7, 8, 1, 47, '2017/2018', 'GANJIL'),
(137, 12, 5, 3, 1, 2, 13, '2017/2018', 'GANJIL'),
(138, 12, 5, 3, 2, 2, 13, '2017/2018', 'GANJIL'),
(139, 11, 5, 25, 3, 2, 173, '2017/2018', 'GANJIL'),
(140, 8, 5, 11, 4, 2, 70, '2017/2018', 'GANJIL'),
(141, 8, 5, 11, 5, 2, 70, '2017/2018', 'GANJIL'),
(142, 8, 5, 11, 6, 2, 70, '2017/2018', 'GANJIL'),
(143, 3, 5, 23, 7, 2, 161, '2017/2018', 'GANJIL'),
(144, 3, 5, 23, 8, 2, 161, '2017/2018', 'GANJIL'),
(145, 9, 5, 16, 1, 3, 104, '2017/2018', 'GANJIL'),
(146, 9, 5, 16, 2, 3, 104, '2017/2018', 'GANJIL'),
(147, 3, 5, 23, 3, 3, 161, '2017/2018', 'GANJIL'),
(148, 3, 5, 23, 4, 3, 161, '2017/2018', 'GANJIL'),
(149, 7, 5, 7, 5, 3, 47, '2017/2018', 'GANJIL'),
(150, 7, 5, 7, 6, 3, 47, '2017/2018', 'GANJIL'),
(151, 13, 5, 37, 7, 3, 272, '2017/2018', 'GANJIL'),
(152, 13, 5, 37, 8, 3, 272, '2017/2018', 'GANJIL'),
(153, 4, 5, 10, 1, 4, 64, '2017/2018', 'GANJIL'),
(154, 4, 5, 10, 2, 4, 64, '2017/2018', 'GANJIL'),
(155, 3, 5, 23, 3, 4, 161, '2017/2018', 'GANJIL'),
(156, 3, 5, 23, 4, 4, 161, '2017/2018', 'GANJIL'),
(157, 14, 5, 4, 5, 4, 27, '2017/2018', 'GANJIL'),
(158, 6, 5, 20, 6, 4, 138, '2017/2018', 'GANJIL'),
(159, 6, 5, 20, 7, 4, 138, '2017/2018', 'GANJIL'),
(160, 6, 5, 20, 8, 4, 138, '2017/2018', 'GANJIL'),
(161, 4, 8, 6, 1, 1, 39, '2017/2018', 'GANJIL'),
(162, 4, 8, 6, 2, 1, 39, '2017/2018', 'GANJIL'),
(163, 9, 8, 34, 3, 1, 245, '2017/2018', 'GANJIL'),
(164, 9, 8, 34, 4, 1, 245, '2017/2018', 'GANJIL'),
(165, 9, 8, 34, 5, 1, 245, '2017/2018', 'GANJIL'),
(166, 11, 8, 25, 6, 1, 176, '2017/2018', 'GANJIL'),
(167, 3, 8, 30, 7, 1, 214, '2017/2018', 'GANJIL'),
(168, 3, 8, 30, 8, 1, 214, '2017/2018', 'GANJIL'),
(169, 1, 6, 18, 1, 1, 124, '2017/2018', 'GANJIL'),
(170, 1, 6, 18, 2, 1, 124, '2017/2018', 'GANJIL'),
(171, 1, 6, 18, 3, 1, 124, '2017/2018', 'GANJIL'),
(172, 2, 6, 9, 4, 1, 50, '2017/2018', 'GANJIL'),
(173, 2, 6, 9, 5, 1, 50, '2017/2018', 'GANJIL'),
(174, 2, 6, 9, 6, 1, 50, '2017/2018', 'GANJIL'),
(175, 4, 6, 6, 7, 1, 37, '2017/2018', 'GANJIL'),
(176, 4, 6, 6, 8, 1, 37, '2017/2018', 'GANJIL'),
(179, 9, 7, 34, 1, 1, 244, '2017/2018', 'GANJIL'),
(180, 9, 7, 34, 2, 1, 244, '2017/2018', 'GANJIL'),
(181, 9, 7, 34, 8, 1, 244, '2017/2018', 'GANJIL'),
(182, 4, 7, 6, 3, 1, 38, '2017/2018', 'GANJIL'),
(183, 4, 7, 6, 4, 1, 38, '2017/2018', 'GANJIL'),
(184, 5, 7, 31, 5, 1, 221, '2017/2018', 'GANJIL'),
(185, 5, 7, 31, 6, 1, 221, '2017/2018', 'GANJIL'),
(186, 5, 7, 31, 7, 1, 221, '2017/2018', 'GANJIL'),
(187, 3, 9, 28, 1, 1, 203, '2017/2018', 'GANJIL'),
(188, 3, 9, 28, 2, 1, 203, '2017/2018', 'GANJIL'),
(189, 7, 9, 24, 3, 1, 165, '2017/2018', 'GANJIL'),
(190, 7, 9, 24, 4, 1, 165, '2017/2018', 'GANJIL'),
(191, 12, 9, 30, 5, 1, 215, '2017/2018', 'GANJIL'),
(192, 12, 9, 30, 6, 1, 215, '2017/2018', 'GANJIL'),
(193, 13, 9, 27, 7, 1, 199, '2017/2018', 'GANJIL'),
(194, 13, 9, 27, 8, 1, 199, '2017/2018', 'GANJIL'),
(195, 5, 10, 2, 1, 1, 4, '2017/2018', 'GANJIL'),
(196, 5, 10, 2, 2, 1, 4, '2017/2018', 'GANJIL'),
(197, 5, 10, 2, 3, 1, 4, '2017/2018', 'GANJIL'),
(198, 6, 10, 17, 4, 1, 114, '2017/2018', 'GANJIL'),
(199, 6, 10, 17, 5, 1, 114, '2017/2018', 'GANJIL'),
(200, 6, 10, 17, 6, 1, 114, '2017/2018', 'GANJIL'),
(201, 7, 10, 24, 7, 1, 166, '2017/2018', 'GANJIL'),
(202, 7, 10, 24, 8, 1, 166, '2017/2018', 'GANJIL'),
(203, 6, 11, 17, 1, 1, 115, '2017/2018', 'GANJIL'),
(204, 6, 11, 17, 2, 1, 115, '2017/2018', 'GANJIL'),
(205, 6, 11, 17, 3, 1, 115, '2017/2018', 'GANJIL'),
(206, 5, 11, 2, 4, 1, 5, '2017/2018', 'GANJIL'),
(207, 5, 11, 2, 5, 1, 5, '2017/2018', 'GANJIL'),
(208, 5, 11, 2, 6, 1, 5, '2017/2018', 'GANJIL'),
(209, 3, 11, 28, 7, 1, 205, '2017/2018', 'GANJIL'),
(210, 3, 11, 28, 8, 1, 205, '2017/2018', 'GANJIL'),
(211, 4, 12, 26, 1, 1, 183, '2017/2018', 'GANJIL'),
(212, 4, 12, 26, 2, 1, 183, '2017/2018', 'GANJIL'),
(213, 8, 12, 36, 3, 1, 261, '2017/2018', 'GANJIL'),
(214, 8, 12, 36, 4, 1, 261, '2017/2018', 'GANJIL'),
(215, 8, 12, 36, 5, 1, 261, '2017/2018', 'GANJIL'),
(216, 1, 12, 22, 6, 1, 150, '2017/2018', 'GANJIL'),
(217, 1, 12, 22, 7, 1, 150, '2017/2018', 'GANJIL'),
(218, 1, 12, 22, 8, 1, 150, '2017/2018', 'GANJIL'),
(219, 2, 13, 38, 1, 1, 280, '2017/2018', 'GANJIL'),
(220, 2, 13, 38, 2, 1, 280, '2017/2018', 'GANJIL'),
(221, 2, 13, 38, 3, 1, 280, '2017/2018', 'GANJIL'),
(222, 3, 13, 28, 4, 1, 207, '2017/2018', 'GANJIL'),
(223, 3, 13, 28, 5, 1, 207, '2017/2018', 'GANJIL'),
(224, 8, 13, 36, 6, 1, 262, '2017/2018', 'GANJIL'),
(225, 8, 13, 36, 7, 1, 262, '2017/2018', 'GANJIL'),
(226, 8, 13, 36, 8, 1, 262, '2017/2018', 'GANJIL'),
(227, 1, 14, 22, 1, 1, 152, '2017/2018', 'GANJIL'),
(228, 1, 14, 22, 2, 1, 152, '2017/2018', 'GANJIL'),
(229, 1, 14, 22, 3, 1, 152, '2017/2018', 'GANJIL'),
(230, 4, 14, 26, 4, 1, 185, '2017/2018', 'GANJIL'),
(231, 4, 14, 26, 5, 1, 185, '2017/2018', 'GANJIL'),
(232, 2, 14, 38, 6, 1, 281, '2017/2018', 'GANJIL'),
(233, 2, 14, 38, 7, 1, 281, '2017/2018', 'GANJIL'),
(234, 2, 14, 38, 8, 1, 281, '2017/2018', 'GANJIL'),
(235, 1, 15, 27, 1, 1, 192, '2017/2018', 'GANJIL'),
(236, 1, 15, 27, 2, 1, 192, '2017/2018', 'GANJIL'),
(237, 1, 15, 27, 3, 1, 192, '2017/2018', 'GANJIL'),
(238, 14, 15, 8, 4, 1, 282, '2017/2018', 'GANJIL'),
(239, 6, 15, 12, 5, 1, 77, '2017/2018', 'GANJIL'),
(240, 6, 15, 12, 6, 1, 77, '2017/2018', 'GANJIL'),
(241, 8, 15, 11, 7, 1, 74, '2017/2018', 'GANJIL'),
(242, 8, 15, 11, 8, 1, 74, '2017/2018', 'GANJIL'),
(243, 5, 16, 19, 1, 1, 132, '2017/2018', 'GANJIL'),
(244, 5, 16, 19, 2, 1, 132, '2017/2018', 'GANJIL'),
(245, 9, 16, 16, 3, 1, 107, '2017/2018', 'GANJIL'),
(246, 9, 16, 16, 4, 1, 107, '2017/2018', 'GANJIL'),
(247, 12, 16, 3, 5, 1, 18, '2017/2018', 'GANJIL'),
(248, 12, 16, 3, 6, 1, 18, '2017/2018', 'GANJIL'),
(249, 6, 16, 12, 7, 1, 78, '2017/2018', 'GANJIL'),
(250, 6, 16, 12, 8, 1, 78, '2017/2018', 'GANJIL'),
(251, 4, 17, 14, 1, 1, 93, '2017/2018', 'GANJIL'),
(252, 4, 17, 14, 2, 1, 93, '2017/2018', 'GANJIL'),
(253, 5, 17, 19, 3, 1, 133, '2017/2018', 'GANJIL'),
(254, 5, 17, 19, 4, 1, 133, '2017/2018', 'GANJIL'),
(255, 3, 17, 13, 5, 1, 86, '2017/2018', 'GANJIL'),
(256, 3, 17, 13, 6, 1, 86, '2017/2018', 'GANJIL'),
(257, 12, 17, 3, 7, 1, 19, '2017/2018', 'GANJIL'),
(258, 12, 17, 3, 8, 1, 19, '2017/2018', 'GANJIL'),
(259, 3, 18, 13, 1, 1, 87, '2017/2018', 'GANJIL'),
(260, 3, 18, 13, 2, 1, 87, '2017/2018', 'GANJIL'),
(261, 6, 18, 12, 3, 1, 80, '2017/2018', 'GANJIL'),
(262, 6, 18, 12, 4, 1, 80, '2017/2018', 'GANJIL'),
(263, 4, 18, 14, 5, 1, 94, '2017/2018', 'GANJIL'),
(264, 4, 18, 14, 6, 1, 94, '2017/2018', 'GANJIL'),
(265, 7, 18, 5, 7, 1, 34, '2017/2018', 'GANJIL'),
(266, 7, 18, 5, 8, 1, 34, '2017/2018', 'GANJIL'),
(267, 11, 19, 33, 1, 1, 241, '2017/2018', 'GANJIL'),
(268, 11, 19, 33, 2, 1, 241, '2017/2018', 'GANJIL'),
(269, 5, 19, 31, 3, 1, 224, '2017/2018', 'GANJIL'),
(270, 5, 19, 31, 4, 1, 224, '2017/2018', 'GANJIL'),
(271, 7, 19, 5, 5, 1, 35, '2017/2018', 'GANJIL'),
(272, 7, 19, 5, 6, 1, 35, '2017/2018', 'GANJIL'),
(273, 2, 19, 9, 7, 1, 57, '2017/2018', 'GANJIL'),
(274, 2, 19, 9, 8, 1, 57, '2017/2018', 'GANJIL'),
(275, 5, 20, 31, 1, 1, 225, '2017/2018', 'GANJIL'),
(276, 5, 20, 31, 2, 1, 225, '2017/2018', 'GANJIL'),
(277, 7, 20, 5, 3, 1, 36, '2017/2018', 'GANJIL'),
(278, 7, 20, 5, 4, 1, 36, '2017/2018', 'GANJIL'),
(279, 11, 20, 33, 5, 1, 242, '2017/2018', 'GANJIL'),
(280, 11, 20, 33, 6, 1, 242, '2017/2018', 'GANJIL'),
(281, 4, 20, 14, 7, 1, 96, '2017/2018', 'GANJIL'),
(282, 4, 20, 14, 8, 1, 96, '2017/2018', 'GANJIL'),
(283, 9, 21, 16, 1, 1, 112, '2017/2018', 'GANJIL'),
(284, 9, 21, 16, 2, 1, 112, '2017/2018', 'GANJIL'),
(285, 11, 21, 33, 3, 1, 243, '2017/2018', 'GANJIL'),
(286, 11, 21, 33, 4, 1, 243, '2017/2018', 'GANJIL'),
(287, 7, 21, 24, 5, 1, 168, '2017/2018', 'GANJIL'),
(288, 7, 21, 24, 6, 1, 168, '2017/2018', 'GANJIL'),
(289, 3, 21, 13, 7, 1, 90, '2017/2018', 'GANJIL'),
(290, 3, 21, 13, 8, 1, 90, '2017/2018', 'GANJIL'),
(291, 4, 6, 6, 1, 2, 37, '2017/2018', 'GANJIL'),
(292, 4, 6, 6, 2, 2, 37, '2017/2018', 'GANJIL'),
(293, 7, 6, 7, 3, 2, 48, '2017/2018', 'GANJIL'),
(294, 7, 6, 7, 4, 2, 48, '2017/2018', 'GANJIL'),
(295, 3, 6, 23, 5, 2, 162, '2017/2018', 'GANJIL'),
(296, 3, 6, 23, 6, 2, 162, '2017/2018', 'GANJIL'),
(297, 10, 6, 32, 7, 2, 232, '2017/2018', 'GANJIL'),
(298, 10, 6, 32, 8, 2, 232, '2017/2018', 'GANJIL'),
(299, 5, 7, 31, 1, 2, 221, '2017/2018', 'GANJIL'),
(300, 5, 7, 31, 2, 2, 221, '2017/2018', 'GANJIL'),
(301, 7, 7, 24, 3, 2, 163, '2017/2018', 'GANJIL'),
(302, 7, 7, 24, 4, 2, 163, '2017/2018', 'GANJIL'),
(303, 3, 7, 30, 5, 2, 213, '2017/2018', 'GANJIL'),
(304, 3, 7, 30, 6, 2, 213, '2017/2018', 'GANJIL'),
(305, 6, 7, 33, 7, 2, 235, '2017/2018', 'GANJIL'),
(306, 6, 7, 33, 8, 2, 235, '2017/2018', 'GANJIL'),
(307, 3, 8, 30, 1, 2, 214, '2017/2018', 'GANJIL'),
(308, 3, 8, 30, 2, 2, 214, '2017/2018', 'GANJIL'),
(309, 1, 8, 22, 3, 2, 146, '2017/2018', 'GANJIL'),
(310, 1, 8, 22, 4, 2, 146, '2017/2018', 'GANJIL'),
(311, 1, 8, 22, 5, 2, 146, '2017/2018', 'GANJIL'),
(312, 5, 8, 31, 6, 2, 222, '2017/2018', 'GANJIL'),
(313, 5, 8, 31, 7, 2, 222, '2017/2018', 'GANJIL'),
(314, 5, 8, 31, 8, 2, 222, '2017/2018', 'GANJIL'),
(315, 3, 9, 28, 1, 2, 203, '2017/2018', 'GANJIL'),
(316, 3, 9, 28, 2, 2, 203, '2017/2018', 'GANJIL'),
(317, 9, 9, 34, 3, 2, 246, '2017/2018', 'GANJIL'),
(318, 9, 9, 34, 4, 2, 246, '2017/2018', 'GANJIL'),
(319, 9, 9, 34, 8, 2, 246, '2017/2018', 'GANJIL'),
(320, 5, 9, 2, 5, 2, 3, '2017/2018', 'GANJIL'),
(321, 5, 9, 2, 6, 2, 3, '2017/2018', 'GANJIL'),
(322, 5, 9, 2, 7, 2, 3, '2017/2018', 'GANJIL'),
(323, 9, 10, 34, 1, 2, 247, '2017/2018', 'GANJIL'),
(324, 9, 10, 34, 2, 2, 247, '2017/2018', 'GANJIL'),
(325, 9, 10, 34, 6, 2, 247, '2017/2018', 'GANJIL'),
(326, 3, 10, 28, 3, 2, 204, '2017/2018', 'GANJIL'),
(327, 3, 10, 28, 4, 2, 204, '2017/2018', 'GANJIL'),
(328, 14, 10, 35, 5, 2, 253, '2017/2018', 'GANJIL'),
(329, 13, 10, 27, 7, 2, 200, '2017/2018', 'GANJIL'),
(330, 13, 10, 27, 8, 2, 200, '2017/2018', 'GANJIL'),
(331, 2, 11, 38, 1, 2, 278, '2017/2018', 'GANJIL'),
(332, 2, 11, 38, 2, 2, 278, '2017/2018', 'GANJIL'),
(333, 2, 11, 38, 3, 2, 278, '2017/2018', 'GANJIL'),
(334, 6, 11, 17, 4, 2, 115, '2017/2018', 'GANJIL'),
(335, 6, 11, 17, 5, 2, 115, '2017/2018', 'GANJIL'),
(336, 1, 11, 22, 6, 2, 149, '2017/2018', 'GANJIL'),
(337, 1, 11, 22, 7, 2, 149, '2017/2018', 'GANJIL'),
(338, 1, 11, 22, 8, 2, 149, '2017/2018', 'GANJIL'),
(339, 5, 12, 2, 1, 2, 6, '2017/2018', 'GANJIL'),
(340, 5, 12, 2, 2, 2, 6, '2017/2018', 'GANJIL'),
(341, 5, 12, 2, 3, 2, 6, '2017/2018', 'GANJIL'),
(342, 2, 12, 38, 4, 2, 279, '2017/2018', 'GANJIL'),
(343, 2, 12, 38, 5, 2, 279, '2017/2018', 'GANJIL'),
(344, 2, 12, 38, 6, 2, 279, '2017/2018', 'GANJIL'),
(345, 3, 12, 28, 7, 2, 206, '2017/2018', 'GANJIL'),
(346, 3, 12, 28, 8, 2, 206, '2017/2018', 'GANJIL'),
(347, 13, 13, 18, 1, 2, 126, '2017/2018', 'GANJIL'),
(348, 13, 13, 18, 2, 2, 126, '2017/2018', 'GANJIL'),
(349, 7, 13, 15, 3, 2, 98, '2017/2018', 'GANJIL'),
(350, 7, 13, 15, 4, 2, 98, '2017/2018', 'GANJIL'),
(351, 9, 13, 34, 5, 2, 250, '2017/2018', 'GANJIL'),
(352, 6, 13, 17, 6, 2, 117, '2017/2018', 'GANJIL'),
(353, 6, 13, 17, 7, 2, 117, '2017/2018', 'GANJIL'),
(354, 6, 13, 17, 8, 2, 117, '2017/2018', 'GANJIL'),
(355, 6, 14, 17, 1, 2, 118, '2017/2018', 'GANJIL'),
(356, 6, 14, 17, 2, 2, 118, '2017/2018', 'GANJIL'),
(357, 10, 14, 26, 3, 2, 191, '2017/2018', 'GANJIL'),
(358, 10, 14, 26, 4, 2, 191, '2017/2018', 'GANJIL'),
(359, 3, 14, 28, 5, 2, 208, '2017/2018', 'GANJIL'),
(360, 3, 14, 28, 6, 2, 208, '2017/2018', 'GANJIL'),
(361, 12, 14, 30, 7, 2, 220, '2017/2018', 'GANJIL'),
(362, 12, 14, 30, 8, 2, 220, '2017/2018', 'GANJIL'),
(363, 3, 15, 13, 1, 2, 84, '2017/2018', 'GANJIL'),
(364, 3, 15, 13, 2, 2, 84, '2017/2018', 'GANJIL'),
(365, 9, 15, 16, 3, 2, 106, '2017/2018', 'GANJIL'),
(366, 9, 15, 16, 4, 2, 106, '2017/2018', 'GANJIL'),
(367, 6, 15, 12, 5, 2, 77, '2017/2018', 'GANJIL'),
(368, 6, 15, 12, 6, 2, 77, '2017/2018', 'GANJIL'),
(369, 6, 16, 12, 1, 2, 78, '2017/2018', 'GANJIL'),
(370, 6, 16, 12, 2, 2, 78, '2017/2018', 'GANJIL'),
(371, 1, 16, 27, 3, 2, 193, '2017/2018', 'GANJIL'),
(372, 1, 16, 27, 4, 2, 193, '2017/2018', 'GANJIL'),
(373, 1, 16, 27, 5, 2, 193, '2017/2018', 'GANJIL'),
(374, 14, 16, 8, 6, 2, 283, '2017/2018', 'GANJIL'),
(375, 9, 17, 16, 1, 2, 108, '2017/2018', 'GANJIL'),
(376, 9, 17, 16, 2, 2, 108, '2017/2018', 'GANJIL'),
(377, 7, 17, 5, 3, 2, 33, '2017/2018', 'GANJIL'),
(378, 7, 17, 5, 4, 2, 33, '2017/2018', 'GANJIL'),
(379, 11, 17, 33, 5, 2, 239, '2017/2018', 'GANJIL'),
(380, 11, 17, 33, 6, 2, 239, '2017/2018', 'GANJIL'),
(381, 11, 18, 33, 1, 2, 240, '2017/2018', 'GANJIL'),
(382, 11, 18, 33, 2, 2, 240, '2017/2018', 'GANJIL'),
(383, 5, 18, 31, 3, 2, 223, '2017/2018', 'GANJIL'),
(384, 5, 18, 31, 4, 2, 223, '2017/2018', 'GANJIL'),
(385, 9, 18, 16, 5, 2, 109, '2017/2018', 'GANJIL'),
(386, 9, 18, 16, 6, 2, 109, '2017/2018', 'GANJIL'),
(387, 4, 19, 14, 1, 2, 95, '2017/2018', 'GANJIL'),
(388, 4, 19, 14, 2, 2, 95, '2017/2018', 'GANJIL'),
(389, 3, 19, 13, 3, 2, 88, '2017/2018', 'GANJIL'),
(390, 3, 19, 13, 4, 2, 88, '2017/2018', 'GANJIL'),
(391, 8, 19, 36, 5, 2, 265, '2017/2018', 'GANJIL'),
(392, 8, 19, 36, 6, 2, 265, '2017/2018', 'GANJIL'),
(393, 2, 20, 9, 1, 2, 58, '2017/2018', 'GANJIL'),
(394, 2, 20, 9, 2, 2, 58, '2017/2018', 'GANJIL'),
(395, 8, 20, 36, 3, 2, 266, '2017/2018', 'GANJIL'),
(396, 8, 20, 36, 4, 2, 266, '2017/2018', 'GANJIL'),
(397, 7, 20, 5, 5, 2, 36, '2017/2018', 'GANJIL'),
(398, 7, 20, 5, 6, 2, 36, '2017/2018', 'GANJIL'),
(399, 8, 21, 36, 1, 2, 267, '2017/2018', 'GANJIL'),
(400, 8, 21, 36, 2, 2, 267, '2017/2018', 'GANJIL'),
(401, 6, 21, 12, 3, 2, 83, '2017/2018', 'GANJIL'),
(402, 6, 21, 12, 4, 2, 83, '2017/2018', 'GANJIL'),
(403, 7, 21, 24, 5, 2, 168, '2017/2018', 'GANJIL'),
(404, 7, 21, 24, 6, 2, 168, '2017/2018', 'GANJIL'),
(405, 13, 6, 37, 1, 3, 273, '2017/2018', 'GANJIL'),
(406, 13, 6, 37, 2, 3, 273, '2017/2018', 'GANJIL'),
(407, 9, 6, 16, 3, 3, 105, '2017/2018', 'GANJIL'),
(408, 11, 6, 25, 4, 3, 174, '2017/2018', 'GANJIL'),
(409, 14, 6, 4, 5, 3, 28, '2017/2018', 'GANJIL'),
(410, 8, 6, 11, 6, 3, 71, '2017/2018', 'GANJIL'),
(411, 8, 6, 11, 7, 3, 71, '2017/2018', 'GANJIL'),
(412, 8, 6, 11, 8, 3, 71, '2017/2018', 'GANJIL'),
(413, 7, 7, 24, 1, 3, 163, '2017/2018', 'GANJIL'),
(414, 7, 7, 24, 2, 3, 163, '2017/2018', 'GANJIL'),
(415, 8, 7, 11, 3, 3, 72, '2017/2018', 'GANJIL'),
(416, 8, 7, 11, 4, 3, 72, '2017/2018', 'GANJIL'),
(417, 8, 7, 11, 5, 3, 72, '2017/2018', 'GANJIL'),
(418, 11, 7, 25, 6, 3, 175, '2017/2018', 'GANJIL'),
(419, 12, 7, 3, 7, 3, 15, '2017/2018', 'GANJIL'),
(420, 12, 7, 3, 8, 3, 15, '2017/2018', 'GANJIL'),
(421, 3, 8, 30, 1, 3, 214, '2017/2018', 'GANJIL'),
(422, 3, 8, 30, 2, 3, 214, '2017/2018', 'GANJIL'),
(423, 7, 8, 24, 3, 3, 164, '2017/2018', 'GANJIL'),
(424, 7, 8, 24, 4, 3, 164, '2017/2018', 'GANJIL'),
(425, 12, 8, 3, 5, 3, 16, '2017/2018', 'GANJIL'),
(426, 12, 8, 3, 6, 3, 16, '2017/2018', 'GANJIL'),
(427, 6, 8, 33, 7, 3, 236, '2017/2018', 'GANJIL'),
(428, 6, 8, 33, 8, 3, 236, '2017/2018', 'GANJIL'),
(429, 6, 9, 17, 1, 3, 113, '2017/2018', 'GANJIL'),
(430, 6, 9, 17, 2, 3, 113, '2017/2018', 'GANJIL'),
(431, 14, 9, 35, 3, 3, 252, '2017/2018', 'GANJIL'),
(432, 4, 9, 6, 4, 3, 40, '2017/2018', 'GANJIL'),
(433, 4, 9, 6, 5, 3, 40, '2017/2018', 'GANJIL'),
(434, 2, 9, 38, 6, 3, 276, '2017/2018', 'GANJIL'),
(435, 2, 9, 38, 7, 3, 276, '2017/2018', 'GANJIL'),
(436, 2, 9, 38, 8, 3, 276, '2017/2018', 'GANJIL'),
(437, 3, 10, 28, 1, 3, 204, '2017/2018', 'GANJIL'),
(438, 3, 10, 28, 2, 3, 204, '2017/2018', 'GANJIL'),
(439, 8, 10, 36, 3, 3, 259, '2017/2018', 'GANJIL'),
(440, 8, 10, 36, 4, 3, 259, '2017/2018', 'GANJIL'),
(441, 8, 10, 36, 5, 3, 259, '2017/2018', 'GANJIL'),
(442, 1, 10, 22, 6, 3, 148, '2017/2018', 'GANJIL'),
(443, 1, 10, 22, 7, 3, 148, '2017/2018', 'GANJIL'),
(444, 1, 10, 22, 8, 3, 148, '2017/2018', 'GANJIL'),
(445, 4, 11, 6, 1, 3, 42, '2017/2018', 'GANJIL'),
(446, 4, 11, 6, 2, 3, 42, '2017/2018', 'GANJIL'),
(447, 9, 11, 34, 3, 3, 248, '2017/2018', 'GANJIL'),
(448, 9, 11, 34, 4, 3, 248, '2017/2018', 'GANJIL'),
(449, 9, 11, 34, 5, 3, 248, '2017/2018', 'GANJIL'),
(450, 8, 11, 36, 6, 3, 260, '2017/2018', 'GANJIL'),
(451, 8, 11, 36, 7, 3, 260, '2017/2018', 'GANJIL'),
(452, 8, 11, 36, 8, 3, 260, '2017/2018', 'GANJIL'),
(453, 9, 12, 34, 1, 3, 249, '2017/2018', 'GANJIL'),
(454, 9, 12, 34, 2, 3, 249, '2017/2018', 'GANJIL'),
(455, 9, 12, 34, 8, 3, 249, '2017/2018', 'GANJIL'),
(456, 3, 12, 28, 3, 3, 206, '2017/2018', 'GANJIL'),
(457, 3, 12, 28, 4, 3, 206, '2017/2018', 'GANJIL'),
(458, 6, 12, 17, 5, 3, 284, '2017/2018', 'GANJIL'),
(459, 6, 12, 17, 6, 3, 284, '2017/2018', 'GANJIL'),
(460, 6, 12, 17, 7, 3, 284, '2017/2018', 'GANJIL'),
(461, 4, 13, 26, 1, 3, 184, '2017/2018', 'GANJIL'),
(462, 4, 13, 26, 2, 3, 184, '2017/2018', 'GANJIL'),
(463, 6, 13, 17, 3, 3, 117, '2017/2018', 'GANJIL'),
(464, 6, 13, 17, 4, 3, 117, '2017/2018', 'GANJIL'),
(465, 14, 13, 35, 5, 3, 256, '2017/2018', 'GANJIL'),
(466, 5, 13, 2, 6, 3, 7, '2017/2018', 'GANJIL'),
(467, 5, 13, 2, 7, 3, 7, '2017/2018', 'GANJIL'),
(468, 5, 13, 2, 8, 3, 7, '2017/2018', 'GANJIL'),
(469, 5, 14, 2, 1, 3, 8, '2017/2018', 'GANJIL'),
(470, 5, 14, 2, 2, 3, 8, '2017/2018', 'GANJIL'),
(471, 5, 14, 2, 3, 3, 8, '2017/2018', 'GANJIL'),
(472, 4, 14, 26, 4, 3, 185, '2017/2018', 'GANJIL'),
(473, 4, 14, 26, 5, 3, 185, '2017/2018', 'GANJIL'),
(474, 9, 14, 34, 6, 3, 251, '2017/2018', 'GANJIL'),
(475, 3, 14, 28, 7, 3, 208, '2017/2018', 'GANJIL'),
(476, 3, 14, 28, 8, 3, 208, '2017/2018', 'GANJIL'),
(477, 7, 15, 5, 1, 3, 31, '2017/2018', 'GANJIL'),
(478, 7, 15, 5, 2, 3, 31, '2017/2018', 'GANJIL'),
(479, 5, 15, 19, 3, 3, 131, '2017/2018', 'GANJIL'),
(480, 5, 15, 19, 4, 3, 131, '2017/2018', 'GANJIL'),
(481, 11, 15, 33, 5, 3, 237, '2017/2018', 'GANJIL'),
(482, 11, 15, 33, 6, 3, 237, '2017/2018', 'GANJIL'),
(483, 11, 16, 33, 1, 3, 238, '2017/2018', 'GANJIL'),
(484, 11, 16, 33, 2, 3, 238, '2017/2018', 'GANJIL'),
(485, 4, 16, 14, 3, 3, 92, '2017/2018', 'GANJIL'),
(486, 4, 16, 14, 4, 3, 92, '2017/2018', 'GANJIL'),
(487, 2, 16, 9, 5, 3, 54, '2017/2018', 'GANJIL'),
(488, 2, 16, 9, 6, 3, 54, '2017/2018', 'GANJIL'),
(489, 1, 17, 27, 1, 3, 194, '2017/2018', 'GANJIL'),
(490, 1, 17, 27, 2, 3, 194, '2017/2018', 'GANJIL'),
(491, 1, 17, 27, 3, 3, 194, '2017/2018', 'GANJIL'),
(492, 14, 17, 8, 4, 3, 285, '2017/2018', 'GANJIL'),
(493, 3, 17, 13, 5, 3, 86, '2017/2018', 'GANJIL'),
(494, 3, 17, 13, 6, 3, 86, '2017/2018', 'GANJIL'),
(495, 14, 18, 8, 3, 3, 286, '2017/2018', 'GANJIL'),
(496, 1, 18, 27, 4, 3, 195, '2017/2018', 'GANJIL'),
(497, 1, 18, 27, 5, 3, 195, '2017/2018', 'GANJIL'),
(498, 1, 18, 27, 6, 3, 195, '2017/2018', 'GANJIL'),
(499, 3, 19, 13, 1, 3, 88, '2017/2018', 'GANJIL'),
(500, 3, 19, 13, 2, 3, 88, '2017/2018', 'GANJIL'),
(501, 6, 19, 12, 3, 3, 81, '2017/2018', 'GANJIL'),
(502, 6, 19, 12, 4, 3, 81, '2017/2018', 'GANJIL'),
(503, 4, 19, 14, 5, 3, 95, '2017/2018', 'GANJIL'),
(504, 4, 19, 14, 6, 3, 95, '2017/2018', 'GANJIL'),
(505, 6, 20, 12, 1, 3, 82, '2017/2018', 'GANJIL'),
(506, 6, 20, 12, 2, 3, 82, '2017/2018', 'GANJIL'),
(507, 13, 20, 22, 3, 3, 155, '2017/2018', 'GANJIL'),
(508, 13, 20, 22, 4, 3, 155, '2017/2018', 'GANJIL'),
(509, 5, 20, 31, 5, 3, 225, '2017/2018', 'GANJIL'),
(510, 5, 20, 31, 6, 3, 225, '2017/2018', 'GANJIL'),
(513, 3, 21, 13, 3, 3, 90, '2017/2018', 'GANJIL'),
(514, 3, 21, 13, 4, 3, 90, '2017/2018', 'GANJIL'),
(515, 6, 21, 12, 5, 3, 83, '2017/2018', 'GANJIL'),
(516, 6, 21, 12, 6, 3, 83, '2017/2018', 'GANJIL'),
(517, 5, 18, 31, 1, 3, 223, '2017/2018', 'GANJIL'),
(518, 5, 18, 31, 2, 3, 223, '2017/2018', 'GANJIL'),
(519, 13, 21, 22, 1, 3, 156, '2017/2018', 'GANJIL'),
(520, 13, 21, 22, 2, 3, 156, '2017/2018', 'GANJIL'),
(521, 5, 6, 21, 1, 4, 145, '2017/2018', 'GANJIL'),
(522, 5, 6, 21, 2, 4, 145, '2017/2018', 'GANJIL'),
(523, 9, 6, 16, 3, 4, 105, '2017/2018', 'GANJIL'),
(524, 9, 6, 16, 4, 4, 105, '2017/2018', 'GANJIL'),
(525, 3, 6, 23, 5, 4, 162, '2017/2018', 'GANJIL'),
(526, 3, 6, 23, 6, 4, 162, '2017/2018', 'GANJIL'),
(527, 12, 6, 3, 7, 4, 14, '2017/2018', 'GANJIL'),
(528, 12, 6, 3, 8, 4, 14, '2017/2018', 'GANJIL'),
(529, 2, 7, 9, 1, 4, 51, '2017/2018', 'GANJIL'),
(530, 2, 7, 9, 2, 4, 51, '2017/2018', 'GANJIL'),
(531, 2, 7, 9, 3, 4, 51, '2017/2018', 'GANJIL'),
(532, 6, 7, 33, 4, 4, 235, '2017/2018', 'GANJIL'),
(533, 6, 7, 33, 5, 4, 235, '2017/2018', 'GANJIL'),
(534, 6, 7, 33, 6, 4, 235, '2017/2018', 'GANJIL'),
(535, 3, 7, 30, 7, 4, 213, '2017/2018', 'GANJIL'),
(536, 3, 7, 30, 8, 4, 213, '2017/2018', 'GANJIL'),
(537, 6, 8, 33, 1, 4, 236, '2017/2018', 'GANJIL'),
(538, 6, 8, 33, 2, 4, 236, '2017/2018', 'GANJIL'),
(539, 6, 8, 33, 3, 4, 236, '2017/2018', 'GANJIL'),
(540, 13, 8, 37, 4, 4, 275, '2017/2018', 'GANJIL'),
(541, 13, 8, 37, 5, 4, 275, '2017/2018', 'GANJIL'),
(542, 2, 8, 9, 6, 4, 52, '2017/2018', 'GANJIL'),
(543, 2, 8, 9, 7, 4, 52, '2017/2018', 'GANJIL'),
(544, 2, 8, 9, 8, 4, 52, '2017/2018', 'GANJIL'),
(545, 1, 9, 22, 1, 4, 147, '2017/2018', 'GANJIL'),
(546, 1, 9, 22, 2, 4, 147, '2017/2018', 'GANJIL'),
(547, 1, 9, 22, 3, 4, 147, '2017/2018', 'GANJIL'),
(548, 11, 9, 25, 4, 4, 177, '2017/2018', 'GANJIL'),
(549, 4, 9, 6, 5, 4, 40, '2017/2018', 'GANJIL'),
(550, 4, 9, 6, 6, 4, 40, '2017/2018', 'GANJIL'),
(551, 10, 9, 26, 7, 4, 186, '2017/2018', 'GANJIL'),
(552, 10, 9, 26, 8, 4, 186, '2017/2018', 'GANJIL'),
(553, 5, 10, 2, 1, 4, 4, '2017/2018', 'GANJIL'),
(554, 5, 10, 2, 2, 4, 4, '2017/2018', 'GANJIL'),
(555, 6, 10, 17, 3, 4, 114, '2017/2018', 'GANJIL'),
(556, 6, 10, 17, 4, 4, 114, '2017/2018', 'GANJIL'),
(557, 7, 10, 24, 5, 4, 166, '2017/2018', 'GANJIL'),
(558, 7, 10, 24, 6, 4, 166, '2017/2018', 'GANJIL'),
(559, 4, 10, 5, 7, 4, 41, '2017/2018', 'GANJIL'),
(560, 4, 10, 5, 8, 4, 41, '2017/2018', 'GANJIL'),
(561, 7, 11, 24, 1, 4, 167, '2017/2018', 'GANJIL'),
(562, 7, 11, 24, 2, 4, 167, '2017/2018', 'GANJIL'),
(563, 4, 11, 6, 3, 4, 42, '2017/2018', 'GANJIL'),
(564, 4, 11, 6, 4, 4, 42, '2017/2018', 'GANJIL'),
(565, 14, 11, 35, 5, 4, 254, '2017/2018', 'GANJIL'),
(566, 11, 11, 25, 6, 4, 179, '2017/2018', 'GANJIL'),
(567, 3, 11, 28, 7, 4, 205, '2017/2018', 'GANJIL'),
(568, 3, 11, 28, 8, 4, 205, '2017/2018', 'GANJIL'),
(569, 4, 12, 26, 1, 4, 183, '2017/2018', 'GANJIL'),
(570, 4, 12, 26, 2, 4, 183, '2017/2018', 'GANJIL'),
(571, 3, 12, 28, 3, 4, 206, '2017/2018', 'GANJIL'),
(572, 3, 12, 28, 4, 4, 206, '2017/2018', 'GANJIL'),
(573, 12, 12, 30, 5, 4, 218, '2017/2018', 'GANJIL'),
(574, 12, 12, 30, 6, 4, 218, '2017/2018', 'GANJIL'),
(575, 7, 12, 15, 7, 4, 97, '2017/2018', 'GANJIL'),
(576, 7, 12, 15, 8, 4, 97, '2017/2018', 'GANJIL'),
(577, 3, 13, 28, 1, 4, 207, '2017/2018', 'GANJIL'),
(578, 3, 13, 28, 2, 4, 207, '2017/2018', 'GANJIL'),
(579, 4, 13, 26, 3, 4, 184, '2017/2018', 'GANJIL'),
(580, 4, 13, 26, 4, 4, 184, '2017/2018', 'GANJIL'),
(581, 11, 13, 25, 5, 4, 181, '2017/2018', 'GANJIL'),
(582, 1, 13, 22, 6, 4, 151, '2017/2018', 'GANJIL'),
(583, 1, 13, 22, 7, 4, 151, '2017/2018', 'GANJIL'),
(584, 1, 13, 22, 8, 4, 151, '2017/2018', 'GANJIL'),
(585, 13, 14, 18, 1, 4, 127, '2017/2018', 'GANJIL'),
(586, 13, 14, 18, 2, 4, 127, '2017/2018', 'GANJIL'),
(587, 7, 14, 15, 3, 4, 99, '2017/2018', 'GANJIL'),
(588, 7, 14, 15, 4, 4, 99, '2017/2018', 'GANJIL'),
(589, 6, 14, 17, 5, 4, 118, '2017/2018', 'GANJIL'),
(590, 6, 14, 17, 6, 4, 118, '2017/2018', 'GANJIL'),
(591, 6, 14, 17, 7, 4, 118, '2017/2018', 'GANJIL'),
(592, 11, 14, 25, 8, 4, 182, '2017/2018', 'GANJIL'),
(593, 12, 15, 3, 1, 4, 17, '2017/2018', 'GANJIL'),
(594, 12, 15, 3, 2, 4, 17, '2017/2018', 'GANJIL'),
(595, 3, 15, 13, 3, 4, 84, '2017/2018', 'GANJIL'),
(596, 3, 15, 13, 4, 4, 84, '2017/2018', 'GANJIL'),
(597, 4, 15, 14, 5, 4, 91, '2017/2018', 'GANJIL'),
(598, 4, 15, 14, 6, 4, 91, '2017/2018', 'GANJIL'),
(599, 7, 16, 5, 1, 4, 32, '2017/2018', 'GANJIL'),
(600, 7, 16, 5, 2, 4, 32, '2017/2018', 'GANJIL'),
(601, 13, 16, 18, 3, 4, 129, '2017/2018', 'GANJIL'),
(602, 13, 16, 18, 4, 4, 129, '2017/2018', 'GANJIL'),
(603, 3, 16, 13, 5, 4, 85, '2017/2018', 'GANJIL'),
(604, 3, 16, 13, 6, 4, 85, '2017/2018', 'GANJIL'),
(605, 8, 17, 11, 1, 4, 76, '2017/2018', 'GANJIL'),
(606, 8, 17, 11, 2, 4, 76, '2017/2018', 'GANJIL'),
(607, 6, 17, 12, 3, 4, 79, '2017/2018', 'GANJIL'),
(608, 6, 17, 12, 4, 4, 79, '2017/2018', 'GANJIL'),
(609, 7, 17, 5, 5, 4, 33, '2017/2018', 'GANJIL'),
(610, 7, 17, 5, 6, 4, 33, '2017/2018', 'GANJIL'),
(611, 3, 18, 13, 1, 4, 87, '2017/2018', 'GANJIL'),
(612, 3, 18, 13, 2, 4, 87, '2017/2018', 'GANJIL'),
(613, 7, 18, 5, 3, 4, 34, '2017/2018', 'GANJIL'),
(614, 7, 18, 5, 4, 4, 34, '2017/2018', 'GANJIL'),
(615, 6, 18, 12, 5, 4, 80, '2017/2018', 'GANJIL'),
(616, 6, 18, 12, 6, 4, 80, '2017/2018', 'GANJIL'),
(617, 1, 19, 27, 1, 4, 196, '2017/2018', 'GANJIL'),
(618, 1, 19, 27, 2, 4, 196, '2017/2018', 'GANJIL'),
(619, 1, 19, 27, 3, 4, 196, '2017/2018', 'GANJIL'),
(620, 14, 19, 8, 4, 4, 287, '2017/2018', 'GANJIL'),
(622, 13, 19, 22, 5, 4, 154, '2017/2018', 'GANJIL'),
(623, 4, 20, 14, 1, 4, 96, '2017/2018', 'GANJIL'),
(624, 4, 20, 14, 2, 4, 96, '2017/2018', 'GANJIL'),
(625, 1, 20, 27, 4, 4, 197, '2017/2018', 'GANJIL'),
(626, 1, 20, 27, 5, 4, 197, '2017/2018', 'GANJIL'),
(627, 1, 20, 27, 6, 4, 197, '2017/2018', 'GANJIL'),
(628, 14, 20, 8, 3, 4, 288, '2017/2018', 'GANJIL'),
(629, 5, 21, 31, 1, 4, 226, '2017/2018', 'GANJIL'),
(630, 5, 21, 31, 2, 4, 226, '2017/2018', 'GANJIL'),
(631, 4, 21, 10, 3, 4, 65, '2017/2018', 'GANJIL'),
(632, 4, 21, 10, 4, 4, 65, '2017/2018', 'GANJIL'),
(633, 12, 21, 3, 5, 4, 24, '2017/2018', 'GANJIL'),
(634, 12, 21, 3, 6, 4, 24, '2017/2018', 'GANJIL');

-- --------------------------------------------------------

--
-- Table structure for table `tb_jam`
--

CREATE TABLE IF NOT EXISTS `tb_jam` (
  `kd_jam` int(11) NOT NULL AUTO_INCREMENT,
  `jam_ke` varchar(3) NOT NULL,
  `pukul` varchar(20) NOT NULL,
  PRIMARY KEY (`kd_jam`)
) ENGINE=InnoDB  DEFAULT CHARSET=latin1 AUTO_INCREMENT=9 ;

--
-- Dumping data for table `tb_jam`
--

INSERT INTO `tb_jam` (`kd_jam`, `jam_ke`, `pukul`) VALUES
(1, '1', '07.20-08.10'),
(2, '2', '08.00-08.40'),
(3, '3', '08.40-09.20'),
(4, '4', '09.20-10.00'),
(5, '5', '10.20-11.00'),
(6, '6', '11.00-11.40'),
(7, '7', '12.10-12.50'),
(8, '8', '12.50-13.30');

-- --------------------------------------------------------

--
-- Table structure for table `tb_kelas`
--

CREATE TABLE IF NOT EXISTS `tb_kelas` (
  `kd_kelas` int(11) NOT NULL AUTO_INCREMENT,
  `nama_kelas` varchar(10) NOT NULL,
  `kd_guru` int(11) NOT NULL,
  `status_kelas` enum('1','0') NOT NULL,
  PRIMARY KEY (`kd_kelas`)
) ENGINE=InnoDB  DEFAULT CHARSET=latin1 AUTO_INCREMENT=22 ;

--
-- Dumping data for table `tb_kelas`
--

INSERT INTO `tb_kelas` (`kd_kelas`, `nama_kelas`, `kd_guru`, `status_kelas`) VALUES
(1, '7A', 18, '1'),
(2, '7B', 3, '1'),
(3, '7C', 7, '1'),
(4, '7D', 10, '1'),
(5, '7E', 20, '1'),
(6, '7F', 23, '1'),
(7, '7G', 4, '1'),
(8, '7H', 6, '1'),
(9, '8A', 17, '1'),
(10, '8B', 24, '1'),
(11, '8C', 34, '1'),
(12, '8D', 22, '1'),
(13, '8E', 30, '1'),
(14, '8F', 28, '1'),
(15, '9A', 12, '1'),
(16, '9B', 13, '1'),
(17, '9C', 5, '1'),
(18, '9D', 14, '1'),
(19, '9E', 31, '1'),
(20, '9F', 33, '1'),
(21, '9G', 27, '1');

-- --------------------------------------------------------

--
-- Table structure for table `tb_mapel`
--

CREATE TABLE IF NOT EXISTS `tb_mapel` (
  `kd_mapel` int(11) NOT NULL AUTO_INCREMENT,
  `kode_mapel` varchar(3) NOT NULL,
  `mapel` varchar(20) NOT NULL,
  `kd_hari` int(11) NOT NULL,
  PRIMARY KEY (`kd_mapel`)
) ENGINE=InnoDB  DEFAULT CHARSET=latin1 AUTO_INCREMENT=15 ;

--
-- Dumping data for table `tb_mapel`
--

INSERT INTO `tb_mapel` (`kd_mapel`, `kode_mapel`, `mapel`, `kd_hari`) VALUES
(1, 'A', 'PAI', 6),
(2, 'B', 'PKn', 2),
(3, 'C', 'Bahasa Indonesia', 3),
(4, 'D', 'Bahasa Inggris', 2),
(5, 'E', 'Matematika', 4),
(6, 'F', 'IPA', 6),
(7, 'G', 'IPS', 3),
(8, 'H', 'Seni Budaya', 4),
(9, 'I', 'Penjas', 4),
(10, 'J', 'Prakarya', 6),
(11, 'K', 'TIK', 6),
(12, 'L', 'Bahasa Jawa', 2),
(13, 'M', 'Baca Tulis Al-Quran', 4),
(14, 'N', 'BK', 3);

-- --------------------------------------------------------

--
-- Table structure for table `tb_penugasan`
--

CREATE TABLE IF NOT EXISTS `tb_penugasan` (
  `kd_penugasan` int(11) NOT NULL AUTO_INCREMENT,
  `kd_guru` int(11) NOT NULL,
  `kd_mapel` int(11) NOT NULL,
  `kd_kelas` int(11) NOT NULL,
  `jml_jam` int(11) NOT NULL,
  `status_penugasan` enum('1','0') NOT NULL,
  PRIMARY KEY (`kd_penugasan`)
) ENGINE=InnoDB  DEFAULT CHARSET=latin1 AUTO_INCREMENT=289 ;

--
-- Dumping data for table `tb_penugasan`
--

INSERT INTO `tb_penugasan` (`kd_penugasan`, `kd_guru`, `kd_mapel`, `kd_kelas`, `jml_jam`, `status_penugasan`) VALUES
(1, 1, 14, 1, 5, '1'),
(2, 1, 14, 2, 5, '1'),
(3, 2, 5, 9, 5, '1'),
(4, 2, 5, 10, 5, '1'),
(5, 2, 5, 11, 5, '1'),
(6, 2, 5, 12, 5, '1'),
(7, 2, 5, 13, 5, '1'),
(8, 2, 5, 14, 5, '1'),
(9, 3, 12, 1, 2, '1'),
(10, 3, 12, 2, 2, '1'),
(11, 3, 12, 3, 2, '1'),
(12, 3, 12, 4, 2, '1'),
(13, 3, 12, 5, 2, '1'),
(14, 3, 12, 6, 2, '1'),
(15, 3, 12, 7, 2, '1'),
(16, 3, 12, 8, 2, '1'),
(17, 3, 12, 15, 2, '1'),
(18, 3, 12, 16, 2, '1'),
(19, 3, 12, 17, 2, '1'),
(20, 3, 12, 18, 2, '1'),
(21, 3, 12, 18, 2, '1'),
(22, 3, 12, 19, 2, '1'),
(23, 3, 12, 20, 2, '1'),
(24, 3, 12, 21, 2, '1'),
(25, 4, 14, 3, 4, '1'),
(26, 4, 14, 4, 4, '1'),
(27, 4, 14, 5, 4, '1'),
(28, 4, 14, 6, 4, '1'),
(29, 4, 14, 7, 4, '1'),
(30, 4, 14, 8, 4, '1'),
(31, 5, 7, 15, 4, '1'),
(32, 5, 7, 16, 4, '1'),
(33, 5, 7, 17, 4, '1'),
(34, 5, 7, 18, 4, '1'),
(35, 5, 7, 19, 4, '1'),
(36, 5, 7, 20, 4, '1'),
(37, 6, 4, 6, 4, '1'),
(38, 6, 4, 7, 4, '1'),
(39, 6, 4, 8, 4, '1'),
(40, 6, 4, 9, 4, '1'),
(41, 5, 4, 10, 4, '1'),
(42, 6, 4, 11, 4, '1'),
(43, 7, 7, 1, 4, '1'),
(44, 7, 7, 2, 4, '1'),
(45, 7, 7, 3, 4, '1'),
(46, 7, 7, 4, 4, '1'),
(47, 7, 7, 5, 4, '1'),
(48, 7, 7, 6, 4, '1'),
(49, 9, 2, 5, 3, '1'),
(50, 9, 2, 6, 3, '1'),
(51, 9, 2, 7, 3, '1'),
(52, 9, 2, 8, 3, '1'),
(53, 9, 2, 15, 2, '1'),
(54, 9, 2, 16, 2, '1'),
(55, 9, 2, 17, 2, '1'),
(56, 9, 2, 18, 2, '1'),
(57, 9, 2, 19, 2, '1'),
(58, 9, 2, 20, 2, '1'),
(59, 9, 2, 21, 2, '1'),
(60, 10, 4, 1, 4, '1'),
(61, 10, 4, 2, 4, '1'),
(62, 10, 4, 3, 4, '1'),
(63, 10, 4, 4, 4, '1'),
(64, 10, 4, 5, 4, '1'),
(65, 10, 4, 21, 4, '1'),
(66, 11, 8, 1, 3, '1'),
(67, 11, 8, 2, 3, '1'),
(68, 11, 8, 3, 3, '1'),
(69, 11, 8, 4, 3, '1'),
(70, 11, 8, 5, 3, '1'),
(71, 11, 8, 6, 3, '1'),
(72, 11, 8, 7, 3, '1'),
(73, 11, 8, 8, 3, '1'),
(74, 11, 8, 15, 2, '1'),
(75, 11, 8, 16, 2, '1'),
(76, 11, 8, 17, 2, '1'),
(77, 12, 6, 15, 4, '1'),
(78, 12, 6, 16, 4, '1'),
(79, 12, 6, 17, 4, '1'),
(80, 12, 6, 18, 4, '1'),
(81, 12, 6, 19, 4, '1'),
(82, 12, 6, 20, 4, '1'),
(83, 12, 6, 21, 4, '1'),
(84, 13, 3, 15, 4, '1'),
(85, 13, 3, 16, 4, '1'),
(86, 13, 3, 17, 4, '1'),
(87, 13, 3, 18, 4, '1'),
(88, 13, 3, 19, 4, '1'),
(89, 13, 3, 20, 4, '1'),
(90, 13, 3, 21, 4, '1'),
(91, 14, 4, 15, 4, '1'),
(92, 14, 4, 16, 4, '1'),
(93, 14, 4, 17, 4, '1'),
(94, 14, 4, 18, 4, '1'),
(95, 14, 4, 19, 4, '1'),
(96, 14, 4, 20, 4, '1'),
(97, 15, 7, 12, 4, '1'),
(98, 15, 7, 13, 4, '1'),
(99, 15, 7, 14, 4, '1'),
(100, 16, 9, 1, 3, '1'),
(101, 16, 9, 2, 3, '1'),
(102, 16, 9, 3, 3, '1'),
(103, 16, 9, 4, 3, '1'),
(104, 16, 9, 5, 3, '1'),
(105, 16, 9, 6, 3, '1'),
(106, 16, 9, 15, 2, '1'),
(107, 16, 9, 16, 2, '1'),
(108, 16, 9, 17, 2, '1'),
(109, 16, 9, 18, 2, '1'),
(110, 16, 9, 19, 2, '1'),
(111, 16, 9, 20, 2, '1'),
(112, 16, 9, 21, 2, '1'),
(113, 17, 6, 9, 5, '1'),
(114, 17, 6, 10, 5, '1'),
(115, 17, 6, 11, 5, '1'),
(116, 17, 9, 12, 5, '1'),
(117, 17, 6, 13, 5, '1'),
(118, 17, 6, 14, 5, '1'),
(119, 18, 1, 1, 3, '1'),
(120, 18, 1, 2, 3, '1'),
(121, 18, 1, 3, 3, '1'),
(122, 18, 1, 4, 3, '1'),
(123, 18, 1, 5, 3, '1'),
(124, 18, 1, 6, 3, '1'),
(125, 18, 1, 7, 3, '1'),
(126, 18, 13, 13, 2, '1'),
(127, 18, 13, 14, 2, '1'),
(128, 18, 13, 15, 2, '1'),
(129, 18, 13, 16, 2, '1'),
(130, 18, 13, 17, 2, '1'),
(131, 19, 5, 15, 4, '1'),
(132, 19, 5, 16, 4, '1'),
(133, 19, 5, 17, 4, '1'),
(134, 20, 6, 1, 5, '1'),
(135, 20, 6, 2, 5, '1'),
(136, 20, 6, 3, 5, '1'),
(137, 20, 6, 4, 5, '1'),
(138, 20, 6, 5, 5, '1'),
(139, 20, 6, 6, 5, '1'),
(140, 21, 5, 1, 5, '1'),
(141, 21, 5, 2, 5, '1'),
(142, 21, 5, 3, 5, '1'),
(143, 21, 5, 4, 5, '1'),
(144, 21, 5, 5, 5, '1'),
(145, 21, 5, 6, 5, '1'),
(146, 22, 1, 8, 3, '1'),
(147, 22, 1, 9, 3, '1'),
(148, 22, 1, 10, 3, '1'),
(149, 22, 1, 11, 3, '1'),
(150, 22, 1, 12, 3, '1'),
(151, 22, 1, 13, 3, '1'),
(152, 22, 1, 14, 3, '1'),
(153, 22, 13, 18, 2, '1'),
(154, 22, 13, 19, 2, '1'),
(155, 22, 13, 20, 2, '1'),
(156, 22, 13, 21, 2, '1'),
(157, 23, 3, 1, 6, '1'),
(158, 23, 3, 2, 6, '1'),
(159, 23, 3, 3, 6, '1'),
(160, 23, 3, 4, 6, '1'),
(161, 23, 3, 5, 6, '1'),
(162, 23, 3, 6, 6, '1'),
(163, 24, 7, 7, 4, '1'),
(164, 24, 7, 8, 4, '1'),
(165, 24, 7, 9, 4, '1'),
(166, 24, 7, 10, 4, '1'),
(167, 24, 7, 11, 4, '1'),
(168, 24, 7, 21, 4, '1'),
(169, 25, 11, 1, 1, '1'),
(170, 25, 11, 2, 1, '1'),
(171, 25, 11, 3, 1, '1'),
(172, 25, 11, 4, 1, '1'),
(173, 25, 11, 5, 1, '1'),
(174, 25, 11, 6, 1, '1'),
(175, 25, 11, 7, 1, '1'),
(176, 25, 11, 8, 1, '1'),
(177, 25, 11, 9, 1, '1'),
(178, 25, 11, 10, 1, '1'),
(179, 25, 11, 11, 1, '1'),
(180, 25, 11, 12, 1, '1'),
(181, 25, 11, 13, 1, '1'),
(182, 25, 11, 14, 1, '1'),
(183, 26, 4, 12, 4, '1'),
(184, 26, 4, 13, 4, '1'),
(185, 26, 4, 14, 4, '1'),
(186, 26, 10, 9, 2, '1'),
(187, 26, 10, 10, 2, '1'),
(188, 26, 10, 11, 2, '1'),
(189, 26, 10, 12, 2, '1'),
(190, 26, 10, 13, 2, '1'),
(191, 26, 10, 14, 2, '1'),
(192, 27, 1, 15, 3, '1'),
(193, 27, 1, 16, 3, '1'),
(194, 27, 1, 17, 3, '1'),
(195, 27, 1, 18, 3, '1'),
(196, 27, 1, 19, 3, '1'),
(197, 27, 1, 20, 3, '1'),
(198, 27, 1, 21, 3, '1'),
(199, 27, 13, 9, 2, '1'),
(200, 27, 13, 10, 2, '1'),
(201, 27, 13, 11, 2, '1'),
(202, 27, 13, 12, 2, '1'),
(203, 28, 3, 9, 6, '1'),
(204, 28, 3, 10, 6, '1'),
(205, 28, 3, 11, 6, '1'),
(206, 28, 3, 12, 6, '1'),
(207, 28, 3, 13, 6, '1'),
(208, 28, 3, 14, 6, '1'),
(209, 29, 2, 1, 3, '1'),
(210, 29, 2, 2, 3, '1'),
(211, 29, 2, 3, 6, '1'),
(212, 29, 2, 4, 3, '1'),
(213, 30, 3, 7, 6, '1'),
(214, 30, 3, 8, 6, '1'),
(215, 30, 12, 9, 2, '1'),
(216, 30, 12, 10, 2, '1'),
(217, 30, 12, 11, 2, '1'),
(218, 30, 12, 12, 2, '1'),
(219, 30, 12, 13, 2, '1'),
(220, 30, 12, 14, 2, '1'),
(221, 31, 5, 7, 5, '1'),
(222, 31, 5, 8, 5, '1'),
(223, 31, 5, 18, 4, '1'),
(224, 31, 5, 19, 4, '1'),
(225, 31, 5, 20, 4, '1'),
(226, 31, 5, 21, 4, '1'),
(227, 32, 10, 1, 2, '1'),
(228, 32, 10, 2, 2, '1'),
(229, 32, 10, 3, 2, '1'),
(230, 32, 10, 4, 2, '1'),
(231, 32, 10, 5, 2, '1'),
(232, 32, 10, 6, 2, '1'),
(233, 32, 10, 7, 2, '1'),
(234, 32, 10, 8, 2, '1'),
(235, 33, 6, 7, 5, '1'),
(236, 33, 6, 8, 5, '1'),
(237, 33, 11, 15, 2, '1'),
(238, 33, 11, 16, 2, '1'),
(239, 33, 11, 17, 2, '1'),
(240, 33, 11, 18, 2, '1'),
(241, 33, 11, 19, 2, '1'),
(242, 33, 11, 20, 2, '1'),
(243, 33, 11, 21, 2, '1'),
(244, 34, 9, 7, 3, '1'),
(245, 34, 9, 8, 3, '1'),
(246, 34, 9, 9, 3, '1'),
(247, 34, 9, 10, 3, '1'),
(248, 34, 9, 11, 3, '1'),
(249, 34, 9, 12, 3, '1'),
(250, 34, 9, 13, 3, '1'),
(251, 34, 9, 14, 3, '1'),
(252, 35, 14, 9, 4, '1'),
(253, 35, 14, 10, 4, '1'),
(254, 35, 14, 11, 4, '1'),
(255, 35, 14, 12, 4, '1'),
(256, 35, 14, 13, 4, '1'),
(257, 35, 14, 14, 4, '1'),
(258, 36, 8, 9, 3, '1'),
(259, 36, 8, 10, 3, '1'),
(260, 36, 8, 11, 3, '1'),
(261, 36, 8, 12, 3, '1'),
(262, 36, 8, 13, 3, '1'),
(263, 36, 8, 14, 3, '1'),
(264, 36, 8, 18, 2, '1'),
(265, 36, 8, 19, 2, '1'),
(266, 36, 8, 20, 2, '1'),
(267, 36, 8, 21, 2, '1'),
(268, 37, 13, 1, 2, '1'),
(269, 37, 13, 2, 2, '1'),
(270, 37, 13, 3, 2, '1'),
(271, 37, 13, 4, 2, '1'),
(272, 37, 13, 5, 2, '1'),
(273, 37, 13, 6, 2, '1'),
(274, 37, 13, 7, 2, '1'),
(275, 37, 13, 8, 2, '1'),
(276, 38, 2, 9, 3, '1'),
(277, 38, 2, 10, 3, '1'),
(278, 38, 2, 11, 3, '1'),
(279, 38, 2, 12, 3, '1'),
(280, 38, 2, 13, 3, '1'),
(281, 38, 2, 14, 3, '1'),
(282, 8, 14, 15, 2, '1'),
(283, 8, 14, 16, 2, '1'),
(284, 17, 6, 12, 5, '1'),
(285, 8, 14, 17, 2, '1'),
(286, 8, 14, 18, 1, '1'),
(287, 8, 14, 19, 1, '1'),
(288, 8, 14, 20, 1, '1');

-- --------------------------------------------------------

--
-- Table structure for table `tmp_jadwal`
--

CREATE TABLE IF NOT EXISTS `tmp_jadwal` (
  `kd_jad` int(11) NOT NULL AUTO_INCREMENT,
  `kd_penugasan` int(11) NOT NULL,
  `kd_hari` int(11) NOT NULL,
  PRIMARY KEY (`kd_jad`)
) ENGINE=InnoDB DEFAULT CHARSET=latin1 AUTO_INCREMENT=1 ;

/*!40101 SET CHARACTER_SET_CLIENT=@OLD_CHARACTER_SET_CLIENT */;
/*!40101 SET CHARACTER_SET_RESULTS=@OLD_CHARACTER_SET_RESULTS */;
/*!40101 SET COLLATION_CONNECTION=@OLD_COLLATION_CONNECTION */;
